ts_code,symbol,exchange,name,fut_code,multiplier,trade_unit,per_unit,quote_unit,quote_unit_desc,d_mode_desc,list_date,delist_date,d_month,last_ddate
P1501.DCE,P1501,DCE,棕榈油1501,P,,吨,10.0,人民币元/吨,1人民币元/吨,实物交割,2014-01-16,2015-01-16,201501,20150121
P1502.DCE,P1502,DCE,棕榈油1502,P,,吨,10.0,人民币元/吨,1人民币元/吨,实物交割,2014-02-21,2015-02-13,201502,20150225
P1503.DCE,P1503,DCE,棕榈油1503,P,,吨,10.0,人民币元/吨,1人民币元/吨,实物交割,2014-03-17,2015-03-13,201503,20150318
P1504.DCE,P1504,DCE,棕榈油1504,P,,吨,10.0,人民币元/吨,1人民币元/吨,实物交割,2014-04-16,2015-04-15,201504,20150420
P1505.DCE,P1505,DCE,棕榈油1505,P,,吨,10.0,人民币元/吨,1人民币元/吨,实物交割,2014-05-19,2015-05-15,201505,20150520
P1506.DCE,P1506,DCE,棕榈油1506,P,,吨,10.0,人民币元/吨,1人民币元/吨,实物交割,2014-06-17,2015-06-12,201506,20150617
P1507.DCE,P1507,DCE,棕榈油1507,P,,吨,10.0,人民币元/吨,1人民币元/吨,实物交割,2014-07-15,2015-07-14,201507,20150717
P1508.DCE,P1508,DCE,棕榈油1508,P,,吨,10.0,人民币元/吨,1人民币元/吨,实物交割,2014-08-15,2015-08-14,201508,20150819
P1509.DCE,P1509,DCE,棕榈油1509,P,,吨,10.0,人民币元/吨,1人民币元/吨,实物交割,2014-09-16,2015-09-16,201509,20150921
P1510.DCE,P1510,DCE,棕榈油1510,P,,吨,10.0,人民币元/吨,1人民币元/吨,实物交割,2014-10-22,2015-10-21,201510,20151026
P1511.DCE,P1511,DCE,棕榈油1511,P,,吨,10.0,人民币元/吨,1人民币元/吨,实物交割,2014-11-17,2015-11-13,201511,20151118
P1512.DCE,P1512,DCE,棕榈油1512,P,,吨,10.0,人民币元/吨,1人民币元/吨,实物交割,2014-12-15,2015-12-14,201512,20151217
P1601.DCE,P1601,DCE,棕榈油1601,P,,吨,10.0,人民币元/吨,1人民币元/吨,实物交割,2015-01-19,2016-01-15,201601,20160120
P1602.DCE,P1602,DCE,棕榈油1602,P,,吨,10.0,人民币元/吨,1人民币元/吨,实物交割,2015-02-16,2016-02-19,201602,20160224
P1603.DCE,P1603,DCE,棕榈油1603,P,,吨,10.0,人民币元/吨,1人民币元/吨,实物交割,2015-03-16,2016-03-14,201603,20160317
P1604.DCE,P1604,DCE,棕榈油1604,P,,吨,10.0,人民币元/吨,1人民币元/吨,实物交割,2015-04-16,2016-04-15,201604,20160420
P1605.DCE,P1605,DCE,棕榈油1605,P,,吨,10.0,人民币元/吨,1人民币元/吨,实物交割,2015-05-18,2016-05-16,201605,20160519
P1606.DCE,P1606,DCE,棕榈油1606,P,,吨,10.0,人民币元/吨,1人民币元/吨,实物交割,2015-06-15,2016-06-16,201606,20160621
P1607.DCE,P1607,DCE,棕榈油1607,P,,吨,10.0,人民币元/吨,1人民币元/吨,实物交割,2015-07-15,2016-07-14,201607,20160719
P1608.DCE,P1608,DCE,棕榈油1608,P,,吨,10.0,人民币元/吨,1人民币元/吨,实物交割,2015-08-17,2016-08-12,201608,20160817
P1609.DCE,P1609,DCE,棕榈油1609,P,,吨,10.0,人民币元/吨,1人民币元/吨,实物交割,2015-09-17,2016-09-14,201609,20160921
P1610.DCE,P1610,DCE,棕榈油1610,P,,吨,10.0,人民币元/吨,1人民币元/吨,实物交割,2015-10-22,2016-10-21,201610,20161026
P1611.DCE,P1611,DCE,棕榈油1611,P,,吨,10.0,人民币元/吨,1人民币元/吨,实物交割,2015-11-16,2016-11-14,201611,20161117
P1612.DCE,P1612,DCE,棕榈油1612,P,,吨,10.0,人民币元/吨,1人民币元/吨,实物交割,2015-12-15,2016-12-14,201612,20161219
P1701.DCE,P1701,DCE,棕榈油1701,P,,吨,10.0,人民币元/吨,1人民币元/吨,实物交割,2016-01-18,2017-01-16,201701,20170119
P1702.DCE,P1702,DCE,棕榈油1702,P,,吨,10.0,人民币元/吨,1人民币元/吨,实物交割,2016-02-22,2017-02-16,201702,20170221
P1703.DCE,P1703,DCE,棕榈油1703,P,,吨,10.0,人民币元/吨,1人民币元/吨,实物交割,2016-03-15,2017-03-14,201703,20170317
P1704.DCE,P1704,DCE,棕榈油1704,P,,吨,10.0,人民币元/吨,1人民币元/吨,实物交割,2016-04-18,2017-04-18,201704,20170421
P1705.DCE,P1705,DCE,棕榈油1705,P,,吨,10.0,人民币元/吨,1人民币元/吨,实物交割,2016-05-17,2017-05-15,201705,20170518
P1706.DCE,P1706,DCE,棕榈油1706,P,,吨,10.0,人民币元/吨,1人民币元/吨,实物交割,2016-06-17,2017-06-14,201706,20170619
P1707.DCE,P1707,DCE,棕榈油1707,P,,吨,10.0,人民币元/吨,1人民币元/吨,实物交割,2016-07-15,2017-07-14,201707,20170719
P1708.DCE,P1708,DCE,棕榈油1708,P,,吨,10.0,人民币元/吨,1人民币元/吨,实物交割,2016-08-15,2017-08-14,201708,20170817
P1709.DCE,P1709,DCE,棕榈油1709,P,,吨,10.0,人民币元/吨,1人民币元/吨,实物交割,2016-09-19,2017-09-14,201709,20170919
P1710.DCE,P1710,DCE,棕榈油1710,P,,吨,10.0,人民币元/吨,1人民币元/吨,实物交割,2016-10-24,2017-10-20,201710,20171025
P1711.DCE,P1711,DCE,棕榈油1711,P,,吨,10.0,人民币元/吨,1人民币元/吨,实物交割,2016-11-15,2017-11-14,201711,20171117
P1712.DCE,P1712,DCE,棕榈油1712,P,,吨,10.0,人民币元/吨,1人民币元/吨,实物交割,2016-12-15,2017-12-14,201712,20171219
P1801.DCE,P1801,DCE,棕榈油1801,P,,吨,10.0,人民币元/吨,1人民币元/吨,实物交割,2017-01-17,2018-01-15,201801,20180118
P1802.DCE,P1802,DCE,棕榈油1802,P,,吨,10.0,人民币元/吨,1人民币元/吨,实物交割,2017-02-17,2018-02-14,201802,20180226
P1803.DCE,P1803,DCE,棕榈油1803,P,,吨,10.0,人民币元/吨,1人民币元/吨,实物交割,2017-03-15,2018-03-14,201803,20180319
P1804.DCE,P1804,DCE,棕榈油1804,P,,吨,10.0,人民币元/吨,1人民币元/吨,实物交割,2017-04-19,2018-04-17,201804,20180420
P1805.DCE,P1805,DCE,棕榈油1805,P,,吨,10.0,人民币元/吨,1人民币元/吨,实物交割,2017-05-16,2018-05-15,201805,20180518
P1806.DCE,P1806,DCE,棕榈油1806,P,,吨,10.0,人民币元/吨,1人民币元/吨,实物交割,2017-06-15,2018-06-14,201806,20180620
P1807.DCE,P1807,DCE,棕榈油1807,P,,吨,10.0,人民币元/吨,1人民币元/吨,实物交割,2017-07-17,2018-07-13,201807,20180718
P1808.DCE,P1808,DCE,棕榈油1808,P,,吨,10.0,人民币元/吨,1人民币元/吨,实物交割,2017-08-15,2018-08-14,201808,20180817
P1809.DCE,P1809,DCE,棕榈油1809,P,,吨,10.0,人民币元/吨,1人民币元/吨,实物交割,2017-09-15,2018-09-14,201809,20180919
P1810.DCE,P1810,DCE,棕榈油1810,P,,吨,10.0,人民币元/吨,1人民币元/吨,实物交割,2017-10-23,2018-10-19,201810,20181024
P1811.DCE,P1811,DCE,棕榈油1811,P,,吨,10.0,人民币元/吨,1人民币元/吨,实物交割,2017-11-15,2018-11-14,201811,20181119
P1812.DCE,P1812,DCE,棕榈油1812,P,,吨,10.0,人民币元/吨,1人民币元/吨,实物交割,2017-12-15,2018-12-14,201812,20181219
P1901.DCE,P1901,DCE,棕榈油1901,P,,吨,10.0,人民币元/吨,1人民币元/吨,实物交割,2018-01-16,2019-01-15,201901,20190118
P1902.DCE,P1902,DCE,棕榈油1902,P,,吨,10.0,人民币元/吨,1人民币元/吨,实物交割,2018-02-22,2019-02-21,201902,20190226
P1903.DCE,P1903,DCE,棕榈油1903,P,,吨,10.0,人民币元/吨,1人民币元/吨,实物交割,2018-03-15,2019-03-14,201903,20190319
P1904.DCE,P1904,DCE,棕榈油1904,P,,吨,10.0,人民币元/吨,1人民币元/吨,实物交割,2018-04-18,2019-04-15,201904,20190418
P1905.DCE,P1905,DCE,棕榈油1905,P,,吨,10.0,人民币元/吨,1人民币元/吨,实物交割,2018-05-16,2019-05-17,201905,20190522
P1906.DCE,P1906,DCE,棕榈油1906,P,,吨,10.0,人民币元/吨,1人民币元/吨,实物交割,2018-06-15,2019-06-17,201906,20190620
P1907.DCE,P1907,DCE,棕榈油1907,P,,吨,10.0,人民币元/吨,1人民币元/吨,实物交割,2018-07-16,2019-07-12,201907,20190717
P1908.DCE,P1908,DCE,棕榈油1908,P,,吨,10.0,人民币元/吨,1人民币元/吨,实物交割,2018-08-15,2019-08-14,201908,20190819
P1909.DCE,P1909,DCE,棕榈油1909,P,,吨,10.0,人民币元/吨,1人民币元/吨,实物交割,2018-09-17,2019-09-16,201909,20190919
P1910.DCE,P1910,DCE,棕榈油1910,P,,吨,10.0,人民币元/吨,1人民币元/吨,实物交割,2018-10-22,2019-10-21,201910,20191024
P1911.DCE,P1911,DCE,棕榈油1911,P,,吨,10.0,人民币元/吨,1人民币元/吨,实物交割,2018-11-15,2019-11-14,201911,20191119
P1912.DCE,P1912,DCE,棕榈油1912,P,,吨,10.0,人民币元/吨,1人民币元/吨,实物交割,2018-12-17,2019-12-13,201912,20191218
P2001.DCE,P2001,DCE,棕榈油2001,P,,吨,10.0,人民币元/吨,1人民币元/吨,实物交割,2019-01-16,2020-01-15,202001,20200120
P2002.DCE,P2002,DCE,棕榈油2002,P,,吨,10.0,人民币元/吨,1人民币元/吨,实物交割,2019-02-22,2020-02-14,202002,20200219
P2003.DCE,P2003,DCE,棕榈油2003,P,,吨,10.0,人民币元/吨,1人民币元/吨,实物交割,2019-03-15,2020-03-13,202003,20200318
P2004.DCE,P2004,DCE,棕榈油2004,P,,吨,10.0,人民币元/吨,1人民币元/吨,实物交割,2019-04-16,2020-04-15,202004,20200420
P2005.DCE,P2005,DCE,棕榈油2005,P,,吨,10.0,人民币元/吨,1人民币元/吨,实物交割,2019-05-20,2020-05-19,202005,20200522
P2006.DCE,P2006,DCE,棕榈油2006,P,,吨,10.0,人民币元/吨,1人民币元/吨,实物交割,2019-06-18,2020-06-12,202006,20200617
P2007.DCE,P2007,DCE,棕榈油2007,P,,吨,10.0,人民币元/吨,1人民币元/吨,实物交割,2019-07-15,2020-07-14,202007,20200717
P2008.DCE,P2008,DCE,棕榈油2008,P,,吨,10.0,人民币元/吨,1人民币元/吨,实物交割,2019-08-15,2020-08-14,202008,20200819
P2009.DCE,P2009,DCE,棕榈油2009,P,,吨,10.0,人民币元/吨,1人民币元/吨,实物交割,2019-09-17,2020-09-14,202009,20200917
P2010.DCE,P2010,DCE,棕榈油2010,P,,吨,10.0,人民币元/吨,1人民币元/吨,实物交割,2019-10-22,2020-10-22,202010,20201027
P2011.DCE,P2011,DCE,棕榈油2011,P,,吨,10.0,人民币元/吨,1人民币元/吨,实物交割,2019-11-15,2020-11-13,202011,20201118
P2012.DCE,P2012,DCE,棕榈油2012,P,,吨,10.0,人民币元/吨,1人民币元/吨,实物交割,2019-12-16,2020-12-14,202012,20201217
P2101.DCE,P2101,DCE,棕榈油2101,P,,吨,10.0,人民币元/吨,1人民币元/吨,实物交割,2020-01-16,2021-01-15,202101,20210120
P2102.DCE,P2102,DCE,棕榈油2102,P,,吨,10.0,人民币元/吨,1人民币元/吨,实物交割,2020-02-17,2021-02-19,202102,20210224
P2103.DCE,P2103,DCE,棕榈油2103,P,,吨,10.0,人民币元/吨,1人民币元/吨,实物交割,2020-03-16,2021-03-12,202103,20210317
P2104.DCE,P2104,DCE,棕榈油2104,P,,吨,10.0,人民币元/吨,1人民币元/吨,实物交割,2020-04-16,2021-04-15,202104,20210420
P2105.DCE,P2105,DCE,棕榈油2105,P,,吨,10.0,人民币元/吨,1人民币元/吨,实物交割,2020-05-20,2021-05-19,202105,20210524
P2106.DCE,P2106,DCE,棕榈油2106,P,,吨,10.0,人民币元/吨,1人民币元/吨,实物交割,2020-06-15,2021-06-15,202106,20210618
P2107.DCE,P2107,DCE,棕榈油2107,P,,吨,10.0,人民币元/吨,1人民币元/吨,实物交割,2020-07-15,2021-07-14,202107,20210719
P2108.DCE,P2108,DCE,棕榈油2108,P,,吨,10.0,人民币元/吨,1人民币元/吨,实物交割,2020-08-17,2021-08-13,202108,20210818
P2109.DCE,P2109,DCE,棕榈油2109,P,,吨,10.0,人民币元/吨,1人民币元/吨,实物交割,2020-09-15,2021-09-14,202109,20210917
P2110.DCE,P2110,DCE,棕榈油2110,P,,吨,10.0,人民币元/吨,1人民币元/吨,实物交割,2020-10-23,2021-10-21,202110,20211026
P2111.DCE,P2111,DCE,棕榈油2111,P,,吨,10.0,人民币元/吨,1人民币元/吨,实物交割,2020-11-16,2021-11-12,202111,20211117
P2112.DCE,P2112,DCE,棕榈油2112,P,,吨,10.0,人民币元/吨,1人民币元/吨,实物交割,2020-12-15,2021-12-14,202112,20211217
P2201.DCE,P2201,DCE,棕榈油2201,P,,吨,10.0,人民币元/吨,1人民币元/吨,实物交割,2021-01-18,2022-01-17,202201,20220120
P2202.DCE,P2202,DCE,棕榈油2202,P,,吨,10.0,人民币元/吨,1人民币元/吨,实物交割,2021-02-22,2022-02-18,202202,20220223
P2203.DCE,P2203,DCE,棕榈油2203,P,,吨,10.0,人民币元/吨,1人民币元/吨,实物交割,2021-03-15,2022-03-14,202203,20220317
P2204.DCE,P2204,DCE,棕榈油2204,P,,吨,10.0,人民币元/吨,1人民币元/吨,实物交割,2021-04-16,2022-04-18,202204,20220421
P2205.DCE,P2205,DCE,棕榈油2205,P,,吨,10.0,人民币元/吨,1人民币元/吨,实物交割,2021-05-20,2022-05-18,202205,20220523
P2206.DCE,P2206,DCE,棕榈油2206,P,,吨,10.0,人民币元/吨,1人民币元/吨,实物交割,2021-06-16,2022-06-15,202206,20220620
P2207.DCE,P2207,DCE,棕榈油2207,P,,吨,10.0,人民币元/吨,1人民币元/吨,实物交割,2021-07-15,2022-07-14,202207,20220719
P2208.DCE,P2208,DCE,棕榈油2208,P,,吨,10.0,人民币元/吨,1人民币元/吨,实物交割,2021-08-16,2022-08-12,202208,20220817
P2209.DCE,P2209,DCE,棕榈油2209,P,,吨,10.0,人民币元/吨,1人民币元/吨,实物交割,2021-09-15,2022-09-15,202209,20220920
P2210.DCE,P2210,DCE,棕榈油2210,P,,吨,10.0,人民币元/吨,1人民币元/吨,实物交割,2021-10-22,2022-10-21,202210,20221026
P2211.DCE,P2211,DCE,棕榈油2211,P,,吨,10.0,人民币元/吨,1人民币元/吨,实物交割,2021-11-15,2022-11-14,202211,20221117
P2212.DCE,P2212,DCE,棕榈油2212,P,,吨,10.0,人民币元/吨,1人民币元/吨,实物交割,2021-12-15,2022-12-14,202212,20221219
P2301.DCE,P2301,DCE,棕榈油2301,P,,吨,10.0,人民币元/吨,1人民币元/吨,实物交割,2022-01-18,2023-01-16,202301,20230119
P2302.DCE,P2302,DCE,棕榈油2302,P,,吨,10.0,人民币元/吨,1人民币元/吨,实物交割,2022-02-21,2023-02-14,202302,20230217
P2303.DCE,P2303,DCE,棕榈油2303,P,,吨,10.0,人民币元/吨,1人民币元/吨,实物交割,2022-03-15,2023-03-14,202303,20230317
P2304.DCE,P2304,DCE,棕榈油2304,P,,吨,10.0,人民币元/吨,1人民币元/吨,实物交割,2022-04-19,2023-04-17,202304,20230420
P2305.DCE,P2305,DCE,棕榈油2305,P,,吨,10.0,人民币元/吨,1人民币元/吨,实物交割,2022-05-19,2023-05-17,202305,20230522
P2306.DCE,P2306,DCE,棕榈油2306,P,,吨,10.0,人民币元/吨,1人民币元/吨,实物交割,2022-06-16,2023-06-14,202306,20230619
P2307.DCE,P2307,DCE,棕榈油2307,P,,吨,10.0,人民币元/吨,1人民币元/吨,实物交割,2022-07-15,2023-07-14,202307,20230719
P2308.DCE,P2308,DCE,棕榈油2308,P,,吨,10.0,人民币元/吨,1人民币元/吨,实物交割,2022-08-15,2023-08-14,202308,20230817
P2309.DCE,P2309,DCE,棕榈油2309,P,,吨,10.0,人民币元/吨,1人民币元/吨,实物交割,2022-09-16,2023-09-14,202309,20230919
P2310.DCE,P2310,DCE,棕榈油2310,P,,吨,10.0,人民币元/吨,1人民币元/吨,实物交割,2022-10-24,2023-10-20,202310,20231025
P2311.DCE,P2311,DCE,棕榈油2311,P,,吨,10.0,人民币元/吨,1人民币元/吨,实物交割,2022-11-15,2023-11-14,202311,20231117
P2312.DCE,P2312,DCE,棕榈油2312,P,,吨,10.0,人民币元/吨,1人民币元/吨,实物交割,2022-12-15,2023-12-14,202312,20231219
P2401.DCE,P2401,DCE,棕榈油2401,P,,吨,10.0,人民币元/吨,1人民币元/吨,实物交割,2023-01-17,2024-01-15,202401,20240118
P2402.DCE,P2402,DCE,棕榈油2402,P,,吨,10.0,人民币元/吨,1人民币元/吨,实物交割,2023-02-15,2024-02-22,202402,20240227
P2403.DCE,P2403,DCE,棕榈油2403,P,,吨,10.0,人民币元/吨,1人民币元/吨,实物交割,2023-03-15,2024-03-14,202403,20240319
P2404.DCE,P2404,DCE,棕榈油2404,P,,吨,10.0,人民币元/吨,1人民币元/吨,实物交割,2023-04-18,2024-04-16,202404,20240419
P2405.DCE,P2405,DCE,棕榈油2405,P,,吨,10.0,人民币元/吨,1人民币元/吨,实物交割,2023-05-18,2024-05-17,202405,20240522
P2406.DCE,P2406,DCE,棕榈油2406,P,,吨,10.0,人民币元/吨,1人民币元/吨,实物交割,2023-06-15,2024-06-17,202406,20240620
P2407.DCE,P2407,DCE,棕榈油2407,P,,吨,10.0,人民币元/吨,1人民币元/吨,实物交割,2023-07-17,2024-07-12,202407,20240717
P2408.DCE,P2408,DCE,棕榈油2408,P,,吨,10.0,人民币元/吨,1人民币元/吨,实物交割,2023-08-15,2024-08-14,202408,20240819
P2409.DCE,P2409,DCE,棕榈油2409,P,,吨,10.0,人民币元/吨,1人民币元/吨,实物交割,2023-09-15,2024-09-13,202409,20240920
P2410.DCE,P2410,DCE,棕榈油2410,P,,吨,10.0,人民币元/吨,1人民币元/吨,实物交割,2023-10-23,2024-10-21,202410,20241024
P2411.DCE,P2411,DCE,棕榈油2411,P,,吨,10.0,人民币元/吨,1人民币元/吨,实物交割,2023-11-15,2024-11-14,202411,20241119
P2412.DCE,P2412,DCE,棕榈油2412,P,,吨,10.0,人民币元/吨,1人民币元/吨,实物交割,2023-12-15,2024-12-13,202412,20241218
P2501.DCE,P2501,DCE,棕榈油2501,P,,吨,10.0,人民币元/吨,1人民币元/吨,实物交割,2024-01-16,2025-01-15,202501,20250120
P2502.DCE,P2502,DCE,棕榈油2502,P,,吨,10.0,人民币元/吨,1人民币元/吨,实物交割,2024-02-23,2025-02-18,202502,20250221
P2503.DCE,P2503,DCE,棕榈油2503,P,,吨,10.0,人民币元/吨,1人民币元/吨,实物交割,2024-03-15,2025-03-14,202503,20250319
P2504.DCE,P2504,DCE,棕榈油2504,P,,吨,10.0,人民币元/吨,1人民币元/吨,实物交割,2024-04-17,2025-04-15,202504,20250418
P2505.DCE,P2505,DCE,棕榈油2505,P,,吨,10.0,人民币元/吨,1人民币元/吨,实物交割,2024-05-20,2025-05-19,202505,20250522
P2506.DCE,P2506,DCE,棕榈油2506,P,,吨,10.0,人民币元/吨,1人民币元/吨,实物交割,2024-06-18,2025-06-16,202506,20250619
P2507.DCE,P2507,DCE,棕榈油2507,P,,吨,10.0,人民币元/吨,1人民币元/吨,实物交割,2024-07-15,2025-07-14,202507,20250717
P2508.DCE,P2508,DCE,棕榈油2508,P,,吨,10.0,人民币元/吨,1人民币元/吨,实物交割,2024-08-15,2025-08-14,202508,20250819
P2509.DCE,P2509,DCE,棕榈油2509,P,,吨,10.0,人民币元/吨,1人民币元/吨,实物交割,2024-09-18,2025-09-12,202509,20250917
P2510.DCE,P2510,DCE,棕榈油2510,P,,吨,10.0,人民币元/吨,1人民币元/吨,实物交割,2024-10-22,2025-10-22,202510,20251027
P2511.DCE,P2511,DCE,棕榈油2511,P,,吨,10.0,人民币元/吨,1人民币元/吨,实物交割,2024-11-15,2025-11-14,202511,20251119
P2512.DCE,P2512,DCE,棕榈油2512,P,,吨,10.0,人民币元/吨,1人民币元/吨,实物交割,2024-12-16,2025-12-12,202512,20251217
P2601.DCE,P2601,DCE,棕榈油2601,P,,吨,10.0,人民币元/吨,1人民币元/吨,实物交割,2025-01-16,2026-01-16,202601,20260121
P2602.DCE,P2602,DCE,棕榈油2602,P,,吨,10.0,人民币元/吨,1人民币元/吨,实物交割,2025-02-19,2026-02-13,202602,20260226
P2603.DCE,P2603,DCE,棕榈油2603,P,,吨,10.0,人民币元/吨,1人民币元/吨,实物交割,2025-03-17,2026-03-13,202603,20260318
P2604.DCE,P2604,DCE,棕榈油2604,P,,吨,10.0,人民币元/吨,1人民币元/吨,实物交割,2025-04-16,2026-04-15,202604,20260420
P2605.DCE,P2605,DCE,棕榈油2605,P,,吨,10.0,人民币元/吨,1人民币元/吨,实物交割,2025-05-20,2026-05-19,202605,20260522
P2606.DCE,P2606,DCE,棕榈油2606,P,,吨,10.0,人民币元/吨,1人民币元/吨,实物交割,2025-06-17,2026-06-12,202606,20260617
P2607.DCE,P2607,DCE,棕榈油2607,P,,吨,10.0,人民币元/吨,1人民币元/吨,实物交割,2025-07-15,2026-07-14,202607,20260717
P2608.DCE,P2608,DCE,棕榈油2608,P,,吨,10.0,人民币元/吨,1人民币元/吨,实物交割,2025-08-15,2026-08-14,202608,20260819
P2609.DCE,P2609,DCE,棕榈油2609,P,,吨,10.0,人民币元/吨,1人民币元/吨,实物交割,2025-09-15,2026-09-14,202609,20260917
P2610.DCE,P2610,DCE,棕榈油2610,P,,吨,10.0,人民币元/吨,1人民币元/吨,实物交割,2025-10-23,2026-10-21,202610,20261026
P2611.DCE,P2611,DCE,棕榈油2611,P,,吨,10.0,人民币元/吨,1人民币元/吨,实物交割,2025-11-17,2026-11-13,202611,20261118
P2612.DCE,P2612,DCE,棕榈油2612,P,,吨,10.0,人民币元/吨,1人民币元/吨,实物交割,2025-12-15,2026-12-14,202612,20261217
P2701.DCE,P2701,DCE,棕榈油2701,P,,吨,10.0,人民币元/吨,1人民币元/吨,实物交割,2026-01-19,2027-01-15,202701,20270120
P2702.DCE,P2702,DCE,棕榈油2702,P,,吨,10.0,人民币元/吨,1人民币元/吨,实物交割,2026-02-24,2027-02-12,202702,20270226
P2703.DCE,P2703,DCE,棕榈油2703,P,,吨,10.0,人民币元/吨,1人民币元/吨,实物交割,2026-03-16,2027-03-12,202703,20270317
P2704.DCE,P2704,DCE,棕榈油2704,P,,吨,10.0,人民币元/吨,1人民币元/吨,实物交割,2026-04-16,2027-04-16,202704,20270421
P2705.DCE,P2705,DCE,棕榈油2705,P,,吨,10.0,人民币元/吨,1人民币元/吨,实物交割,2026-05-20,2027-05-19,202705,20270524
P2706.DCE,P2706,DCE,连棕油2706,P,,吨,10.0,人民币元/吨,1人民币元/吨,实物交割,2026-06-15,2027-06-14,202706,20270617
P2707.DCE,P2707,DCE,连棕油2707,P,,吨,10.0,人民币元/吨,1人民币元/吨,实物交割,2026-07-15,2027-07-14,202707,20270719
